account_id,transfer_count
hotwallet.kaiching,1847524
users.kaiching,751776
sweat_welcome.near,490993
mytestapi.embr.playember_reserve.near,226767
richman1992.tg,64673
wenserxx.near,47970
3e0c0e3451df9914193cbb6c9ee4ecb01f48fd4ac63720ebf3d514143b594447,38648
herdy22.near,35248
6199911f8d7350d5f57b0f9df584e7eeb3a3c0718e4b0e9d93b7ecc8edf2f45e,33770
pramudyapratama.near,33126
rachmadf.near,31278
b61f368763f651623bb0afe57e4a129d47e23e6f8d2b0366a918e7c3bb189000,28563
ccb91e1db61e8d7e1d4ae3e043001140132959a86ee35a548b6563a46284a6ea,22014
free-name.herewallet.near,13489
catnip.near,12276
d04204b6591fefb973a8ed60929f8211af89ee38020da9faf905acdc7a320063,11582
9c484fa5d2d069569ba063fc555c34e621ccd88fdbb0295fc79bad232621c5c1,11081
d73888a2619c7761735f23c798536145dfa87f9306b5f21275eb4b1a7ba971b9,10890
5c33c6218d47e00ef229f60da78d0897e1ee9665312550b8afd5f9c7bc6957d2,10348
451913e633c72fb951effe076d3bd2977e3f08083dcf6c87fa89992b0d437c5c,10310
0c13b747bdc70674ae201203353ec8f227a311980e397a33d60db5fcfa7d9405,10085
nearwalletisyqhi.near,9486
3b5c643386dcdf83fd92d3e29bd298d09a80c970cee6c45aa8f78f0d266f0288,8050
6c27383807e305a4179a808ec6c2504cd6666b62e5613c7fd2906331fd651293,7957
dropt.near,7786
ab6a891b27b386fe3fc7d5479908c33e149b47bbbc923f12d7bab54cf65ba876,6713
35d049a1914c79e5fcdb329e5dd1b608a903ceacafa9936098a8e1da4b23f43e,6149
510ed1d8481590da830985b0fedec2dc02481f6901249a8fd7cb1581e5909053,6149
spay.alexandr2.near,5702
423df0a6640e9467769c55a573f15b9ee999dc8970048959c72890abf5cc3a8e,5537
601483a1b22699b636f1df800b9b709466eba4e1d5ce7c2e1e20317af8bbd1f3,4850
1e6ef8464ce09f96c6fc22583ead00fa0b65119128daa9732366d2a2e856e960,4664
lavapoints.near,4623
c63806842d6091b20d3da4dd07339219489700a79ad98bf805e53a2b7ddde550,4331
e4cdc38d2437727eaa4e12d70d876e24f8b11f0aeccff94f4ee68705133ac753,3997
2fa2b57980b557531e3c0c7b5a25c82fd9c1c614994d4435931920d4c8969007,3964
5a9367ed336ec1a47b527a20abdc4a1806bb85237988e066153da11533fc926d,3942
380ebaa3643b42c313b7d8e377a47bcd4eedcffae3798db7388a6087b1488d7c,3718
f891b25b5be1ad0dbc8a435ae0ac72fc20f8107f2b7c90c867d5b5ccb99b3484,3593
0d584a4cbbfd9a4878d816512894e65918e54fae13df39a6f520fc90caea2fb0,3564
85dd14f77d8b151ab010c6f977955e1460aa2c15edf0b3a2a4486a9e6a04b4ef,3357
501329a18af90d72322b853a67d67610f34ea40382a4f793cdb7e487fe9a8f9a,3161
e589457354361489a89039b8be6737cbc2db4d13919b6ccf23889a60f3b0d8f3,3004
32321118014239e6400ff018eef8f593aacbe93b7bc6f595ca02d2a791a2f440,2993
2e363dec683f00a85180f5a9209c06bb6800d8ed9b278b938665d461175718f4,2779
c8d34592e51c6e7fa49ee02512a56ebe2e29a0fb24bf7a665372a5dd00a912d9,2591
68c9c60daef1acc76718e1af92d2405dafedefc4d880ce23871f8bb9cae38be5,2434
25ab96ddd0d9a8e0ab48b45c2ef7473a83c4ff7e49239b46613b3d688e024731,2417
c5924c04ff9969026309badc2b7c13d6b37c571f2d0ff473bc6ae25d03a9565c,2335
nsecapital.near,2250
84770266420bdb6cd43ee2154d61a11468ace88fa88e2ffd1601224c2f1fd222,2236
5b0e74c6fb37c5816f66da100213cc0d3dc2704fc123c814e62dea80fdc5e8a7,2019
simpleguy.near,2019
7c0ae38d15ed66d2801633f5dada2089b9f8e4fc98c717f883517601eddbac8b,2002
3b68c44f72cb4da598ecccfad2295a025131cdc093b84dcabe33e0a5bd16b6b5,1951
jtp_j-hot.tg,1903
4905ae0988166e52629cc66767218c436d247a22bf2519ee490781554adb15c1,1890
taolaoshi.near,1862
mulaoshi.near,1833
8a16e756b64e73b3c37f2a63f00db90f2e8ca15ce3d979d059ac700c31999c61,1832
79767a260df0d475ea29640cd3044486b3afd7fe0fa4ea5a8c2c01c27f4de2c9,1818
eb3c2bfd6bf357f433be30292d78b23f948ee75f63baca2cc5f56cff1751c294,1776
seanlaoshi.near,1764
51c0b243a75ace637d883afaae4e912d8d5842bfae11e8adfc9afc269fb0b70f,1741
4643fb4e92c33ff89791fc50a0b49c7451c5d19c6e572a9dd63118a797a706ca,1741
a83a99afa24c55e0d816bc8580586306568b50b9d29e7088367c8ad9ed8b9448,1736
09f1deae4fe09414faf2bf922f2981d267bb1d488b02be6b8c35c58ba5354c0e,1733
tx_check.near,1713
tightapp3648.near,1692
ablequarry2708.near,1692
livekale1776.near,1688
rightyam4498.near,1688
weakyard6273.near,1686
solidyard4179.near,1686
oldyam2849.near,1686
majorrat9601.near,1686
stillgoat5162.near,1685
wetmouse7813.near,1682
richoil7026.near,1681
smallarena1366.near,1680
swiftkey1907.near,1680
plainfile6202.near,1679
pastvest2491.near,1679
solidgif4163.near,1678
wildshirt5982.near,1677
loudcheese3857.near,1677
plainbread207.near,1676
samewasp7648.near,1676
b28ca6f4393057c3cae7b79ddd07c460b2f1066885c2277bc5661e5eabd5d894,1649
modernnode892.near,1645
sorrysite7216.near,1643
narrowstreet8072.near,1638
redsite7160.near,1637
grandarena9138.near,1636
weirdkingdom8384.near,1636
otherxml3242.near,1635
longbat6824.near,1634
tallnode1916.near,1634
loudjuice1797.near,1632
lateseal7526.near,1632