epoch_index,tx_shard,avg_tps
3063,0,17.4379438
3063,1,0.22631547
3063,4,9.739697761
3063,5,8.565940402
3063,6,8.963039388
3063,7,11.03592887
3063,8,5.178916065
3063,9,1.996844086
3064,0,18.91460706
3064,1,0.439039658
3064,4,11.82222761
3064,5,10.27986431
3064,6,9.937020435
3064,7,11.55577094
3064,8,5.804317099
3064,9,2.616367822
3065,0,25.88533796
3065,1,0.286944135
3065,4,18.01011602
3065,5,16.31559932
3065,6,9.226805401
3065,7,17.86578719
3065,8,11.65378422
3065,9,9.758949585
3066,0,33.02705393
3066,1,0.314329237
3066,4,24.94873566
3066,5,21.23263938
3066,6,9.298304052
3066,7,22.36272977
3066,8,21.0957449
3066,9,20.20347314
3067,0,22.43501872
3067,1,0.263072366
3067,4,15.42004361
3067,5,14.88904431
3067,6,9.658925412
3067,7,13.68702431
3067,8,7.135290246
3067,9,3.163430288
3068,0,21.54653019
3068,1,0.275005118
3068,4,13.86962129
3068,5,13.25160696
3068,6,8.846345957
3068,7,13.04253838
3068,8,6.647021494
3068,9,3.084053224
3069,0,20.42534125
3069,1,0.242388246
3069,4,13.53941857
3069,5,13.37422111
3069,6,9.385453788
3069,7,12.73764718
3069,8,6.490674169
3069,9,2.992268417
3070,0,20.65092714
3070,1,0.264337873
3070,4,13.44039219
3070,5,13.73857483
3070,6,8.477723991
3070,7,12.78729078
3070,8,6.329360847
3070,9,2.86722596
3071,0,22.05430904
3071,1,0.269952626
3071,4,15.24304002
3071,5,15.24088298
3071,6,9.827053724
3071,7,12.68293519
3071,8,6.847696805
3071,9,3.343191211
3072,0,17.11366307
3072,1,0.269900831
3072,4,13.69354473
3072,5,14.32696947
3072,6,9.066119621
3072,7,8.482341298
3072,8,6.425313898
3072,9,2.914933097
3073,0,17.58120695
3073,1,0.293492341
3073,4,13.23082142
3073,5,13.77557315
3073,6,9.186429526
3073,7,8.327295158
3073,8,6.232178472
3073,9,2.89053151
3074,0,18.09083543
3074,1,0.461116536
3074,4,13.4689701
3074,5,14.38952027
3074,6,8.990110324
3074,7,8.115580395
3074,8,6.310714508
3074,9,2.822546799
3075,0,22.27674013
3075,1,0.217160431
3075,4,13.39956945
3075,5,13.29933368
3075,6,9.128139416
3075,7,13.73636084
3075,8,6.338165044
3075,9,2.843341876
3076,0,22.11106283
3076,1,0.196780667
3076,4,13.39498893
3076,5,12.80739867
3076,6,9.270746695
3076,7,13.94535824
3076,8,6.371774978
3076,9,2.816171146
3077,0,19.09456387
3077,1,0.188983051
3077,4,14.38538652
3077,5,14.23396031
3077,6,8.673914841
3077,7,8.557213725
3077,8,6.963517983
3077,9,2.991856139
3078,0,22.26336148
3078,1,0.196793245
3078,4,14.39502142
3078,5,13.10770287
3078,6,9.439358649
3078,7,13.00892152
3078,8,6.518404525
3078,9,2.821840037
3079,0,23.86747561
3079,1,0.219613031
3079,4,13.12597156
3079,5,12.38949066
3079,6,9.06757483
3079,7,14.67725732
3079,8,6.247085332
3079,9,2.762795601
3080,0,24.59564874
3080,1,0.266561383
3080,4,13.12750395
3080,5,13.02975646
3080,6,9.733002244
3080,7,15.39047045
3080,8,6.596729283
3080,9,2.823414513
3081,0,22.98397483
3081,1,0.222914539
3081,4,13.37658116
3081,5,12.70396149
3081,6,9.004626253
3081,7,14.67810032
3081,8,6.508033426
3081,9,3.079417342
3082,0,22.48786917
3082,1,0.255152232
3082,4,14.08986572
3082,5,14.13484009
3082,6,9.114168898
3082,7,13.75717577
3082,8,6.594462777
3082,9,3.048938422
3083,0,16.40117519
3083,1,0.197147756
3083,4,12.59794655
3083,5,12.45414244
3083,6,8.978775459
3083,7,8.350508134
3083,8,5.71437832
3083,9,2.621596755
3084,0,21.5323922
3084,1,0.217285542
3084,4,13.0066115
3084,5,12.5912304
3084,6,8.795459271
3084,7,13.03060418
3084,8,6.095700445
3084,9,2.736246829
3085,0,20.26705661
3085,1,0.231501985
3085,4,13.36440359
3085,5,12.76691038
3085,6,9.130624608
3085,7,10.77050345
3085,8,6.364716942
3085,9,2.767641529
3086,0,18.94006436
3086,1,0.24388576
3086,4,12.9371078
3086,5,13.07713194
3086,6,8.567075623
3086,7,7.691251006
3086,8,6.131013677
3086,9,2.875522928
3087,0,18.85898229
3087,1,0.561056435
3087,4,12.18276007
3087,5,11.53678159
3087,6,9.286447208
3087,7,10.20705488
3087,8,5.874872737
3087,9,2.494280638
3088,0,22.1493454
3088,1,0.246141102
3088,4,13.28008324
3088,5,12.78347745
3088,6,8.891082108
3088,7,13.26149588
3088,8,6.325581865
3088,9,2.733715856
3089,0,17.65670317
3089,1,0.266508829
3089,4,12.23657887
3089,5,11.84642399
3089,6,9.232810496
3089,7,7.734181711
3089,8,6.171766795
3089,9,2.674676926
3090,0,17.66691646
3090,1,0.30460764
3090,4,13.26079856
3090,5,13.43199985
3090,6,8.687072477
3090,7,8.363634617
3090,8,6.445834294
3090,9,2.784893552
3091,0,17.18659137
3091,1,0.331531099
3091,4,14.0646001
3091,5,14.54549642
3091,6,8.759061236
3091,7,8.353698586
3091,8,6.433777885
3091,9,3.053906844
3092,0,19.46999327
3092,1,0.273680132
3092,4,14.89235099
3092,5,14.80236139
3092,6,9.08892922
3092,7,8.939170864
3092,8,6.665388772
3092,9,2.947878219
3093,0,19.0942812
3093,1,0.312698641
3093,4,14.12028133
3093,5,13.30921282
3093,6,8.340277635
3093,7,9.44700527
3093,8,6.39303656
3093,9,2.834361992
3094,0,19.88273974
3094,1,0.208197639
3094,4,14.96496505
3094,5,16.06017549
3094,6,9.251923915
3094,7,8.922109979
3094,8,6.863531706
3094,9,3.277707482
3095,0,23.06445688
3095,1,0.172497286
3095,4,16.84169659
3095,5,18.6908867
3095,6,8.276780496
3095,7,9.955873758
3095,8,8.007055189
3095,9,3.646656091
3096,0,18.16605721
3096,1,0.276720229
3096,4,12.60883465
3096,5,13.62607351
3096,6,9.21831707
3096,7,8.801387467
3096,8,6.004889567
3096,9,2.738721608
3097,0,20.98282835
3097,1,0.354237956
3097,4,11.17374894
3097,5,12.01074265
3097,6,8.596984591
3097,7,13.72940127
3097,8,5.436404737
3097,9,2.356996205
3098,0,22.17183976
3098,1,0.343167002
3098,4,11.72323589
3098,5,13.08885153
3098,6,8.730411251
3098,7,14.38498913
3098,8,5.627167986
3098,9,2.606236418
3099,0,18.41028234
3099,1,0.311563169
3099,4,8.678344833
3099,5,8.201641685
3099,6,8.791498136
3099,7,13.26502895
3099,8,4.403957491
3099,9,1.852744072
3100,0,25.4419391
3100,1,0.312230335
3100,4,15.00528958
3100,5,16.30976187
3100,6,8.559699635
3100,7,16.58044308
3100,8,7.0650307
3100,9,3.186773979
3101,0,22.86499772
3101,1,0.284129091
3101,4,13.01335712
3101,5,13.08698718
3101,6,9.061890737
3101,7,15.88202597
3101,8,6.247749616
3101,9,2.730285809
3102,0,20.32998113
3102,1,0.265100462
3102,4,11.07754992
3102,5,11.14954279
3102,6,8.578659257
3102,7,15.16496983
3102,8,5.302320277
3102,9,2.323698343
3103,0,24.1138015
3103,1,0.285997912
3103,4,13.63988784
3103,5,14.47919438
3103,6,9.110588043
3103,7,14.53736414
3103,8,6.327220255
3103,9,2.94123667
3104,0,20.75469613
3104,1,0.274575211
3104,4,11.53718336
3104,5,11.33901803
3104,6,8.356509955
3104,7,12.83954967
3104,8,5.610090691
3104,9,2.398790785
3105,0,22.59657247
3105,1,0.2967978
3105,4,13.14913278
3105,5,13.58096459
3105,6,8.430674136
3105,7,14.91127282
3105,8,6.219957414
3105,9,2.81981684
3106,0,21.4873853
3106,1,0.261386677
3106,4,11.65422964
3106,5,11.41134174
3106,6,8.124161284
3106,7,15.37187768
3106,8,5.716038544
3106,9,2.577203654
3107,0,22.85048289
3107,1,0.296280845
3107,4,12.33891658
3107,5,11.42696231
3107,6,7.98619136
3107,7,15.6200121
3107,8,5.923134686
3107,9,2.744289856
3108,0,22.78788638
3108,1,0.243441938
3108,4,12.07318296
3108,5,11.08437761
3108,6,8.44695071
3108,7,15.56395155
3108,8,5.806161236
3108,9,2.641875522
3109,0,21.39598742
3109,1,0.309693952
3109,4,10.97856205
3109,5,10.24198421
3109,6,8.097335361
3109,7,15.0062293
3109,8,5.422071293
3109,9,2.362236713
3110,0,25.7001069
3110,1,0.330236
3110,4,12.68592221
3110,5,12.48976236
3110,6,8.888783817
3110,7,16.26095716
3110,8,6.274525121
3110,9,2.817778143
3111,0,22.07258665
3111,1,0.291333508
3111,4,10.2549999
3111,5,9.682765705
3111,6,8.698092687
3111,7,15.13731848
3111,8,5.505025075
3111,9,2.265593845
3112,0,23.85066692
3112,1,0.314709449
3112,4,14.42313217
3112,5,14.29713646
3112,6,8.607555265
3112,7,15.86997482
3112,8,6.357578584
3112,9,3.04742095
3113,0,23.63772231
3113,1,0.264254222
3113,4,12.26462786
3113,5,10.7481505
3113,6,8.310062024
3113,7,15.51436631
3113,8,5.660775669
3113,9,2.496525183
3114,0,27.57402777
3114,1,0.34077778
3114,4,16.62398891
3114,5,15.56703154
3114,6,7.89282938
3114,7,17.37323781
3114,8,7.165997857
3114,9,3.366682774
3115,0,21.910117
3115,1,0.264882488
3115,4,15.85372346
3115,5,15.51336071
3115,6,9.645110703
3115,7,10.63799187
3115,8,6.709427811
3115,9,3.336524771
3116,0,14.98116419
3116,1,0.281122117
3116,4,10.88161166
3116,5,9.263758749
3116,6,9.174723678
3116,7,6.520881937
3116,8,4.894729797
3116,9,2.184877806
3117,0,18.77290108
3117,1,0.334059699
3117,4,15.46295535
3117,5,14.02070142
3117,6,10.79705616
3117,7,8.41213716
3117,8,6.309966286
3117,9,3.021975989
3118,0,14.19249958
3118,1,0.310225558
3118,4,12.32739393
3118,5,9.769013081
3118,6,9.381142043
3118,7,6.705454469
3118,8,4.800268321
3118,9,2.233502432
3119,0,18.30932203
3119,1,0.277874709
3119,4,14.62281904
3119,5,13.34438352
3119,6,9.732822366
3119,7,8.238991359
3119,8,6.187105351
3119,9,2.997881356
3120,0,14.69813213
3120,1,0.262630061
3120,4,12.34647528
3120,5,9.753269817
3120,6,9.24376332
3120,7,7.517487777
3120,8,5.552317078
3120,9,2.454494171
3121,0,17.11038731
3121,1,0.312972174
3121,4,14.87092343
3121,5,12.70967138
3121,6,9.478823701
3121,7,8.786114175
3121,8,6.043476451
3121,9,2.90120502
3122,0,13.45446025
3122,1,0.315164643
3122,4,10.70984942
3122,5,7.489700706
3122,6,9.929394122
3122,7,6.314977194
3122,8,4.724178868
3122,9,2.087351342
3123,0,17.88871165
3123,1,0.295705496
3123,4,14.57599801
3123,5,13.27664643
3123,6,9.357233121
3123,7,8.14698266
3123,8,6.09142135
3123,9,2.988605995
3124,0,15.36349024
3124,1,0.31286922
3124,4,13.52316042
3124,5,10.92714748
3124,6,10.22838952
3124,7,7.94906586
3124,8,5.910573009
3124,9,2.769418641
3125,0,14.58024588
3125,1,0.350522385
3125,4,12.02834305
3125,5,9.907229472
3125,6,9.419019846
3125,7,6.795829312
3125,8,4.751856669
3125,9,2.241870516
3126,0,17.5508058
3126,1,0.323564184
3126,4,15.4680273
3126,5,13.2754029
3126,6,10.25509717
3126,7,8.537427665
3126,8,6.201232033
3126,9,3.080559185
3127,0,12.94393415
3127,1,0.267598333
3127,4,11.25623587
3127,5,8.716000746
3127,6,9.460117357
3127,7,6.423728462
3127,8,4.676190674
3127,9,2.136930063
3128,0,18.30591827
3128,1,0.226519793
3128,4,15.14124224
3128,5,13.95220414
3128,6,9.303092188
3128,7,8.522722116
3128,8,6.342327289
3128,9,3.066856447
3129,0,9.472425858
3129,1,0.186812729
3129,4,8.276595302
3129,5,5.573371376
3129,6,8.804106964
3129,7,5.303044818
3129,8,3.894056148
3129,9,1.598696268
3130,0,18.35290125
3130,1,0.246374725
3130,4,15.05280046
3130,5,14.19491125
3130,6,8.61211099
3130,7,8.5182755
3130,8,6.236439928
3130,9,3.054877923
3131,0,18.23062993
3131,1,0.189451156
3131,4,15.05455518
3131,5,13.22507357
3131,6,9.284444262
3131,7,8.600148169
3131,8,6.497643694
3131,9,3.208281028
3132,0,14.50453295
3132,1,0.180075379
3132,4,11.52052562
3132,5,8.92767648
3132,6,8.644412753
3132,7,6.472690231
3132,8,4.890740552
3132,9,2.287705002
3133,0,17.67263273
3133,1,0.206678682
3133,4,14.30801898
3133,5,12.2845483
3133,6,9.756033393
3133,7,6.828848425
3133,8,6.107161353
3133,9,2.984276925
3134,0,12.3722375
3134,1,0.183453313
3134,4,9.978823431
3134,5,7.523327807
3134,6,8.676999601
3134,7,5.274917623
3134,8,4.395932588
3134,9,1.93911474
3135,0,19.39290841
3135,1,0.247754399
3135,4,16.03172552
3135,5,14.40560272
3135,6,9.046757721
3135,7,8.821500349
3135,8,6.752184078
3135,9,3.346458308
3136,0,11.55079266
3136,1,0.192511473
3136,4,9.104735086
3136,5,6.549353358
3136,6,8.639549437
3136,7,5.776491448
3136,8,4.21126408
3136,9,1.852753442
3137,0,16.51884696
3137,1,0.210588547
3137,4,13.70179194
3137,5,12.0694351
3137,6,8.120400383
3137,7,7.633213055
3137,8,5.707561209
3137,9,2.777465191
3138,0,16.90284757
3138,1,0.14470268
3138,4,13.93609715
3138,5,12.58586683
3138,6,7.892169179
3138,7,7.858144891
3138,8,6.03528057
3138,9,2.898178392
3139,0,17.66210008
3139,1,0.212617993
3139,4,14.75887562
3139,5,13.56528277
3139,6,7.560876284
3139,7,8.298366887
3139,8,6.117346086
3139,9,2.987908278
3140,0,14.81262385
3140,1,0.168697392
3140,4,12.39674691
3140,5,10.18366786
3140,6,8.010967881
3140,7,7.1551396
3140,8,5.329271882
3140,9,2.563089842
3141,0,13.78229708
3141,1,0.176535629
3141,4,11.17023713
3141,5,9.326751831
3141,6,7.361502162
3141,7,6.639840464
3141,8,4.821904555
3141,9,2.21466227
3142,0,18.12171155
3142,1,0.226299314
3142,4,15.27613658
3142,5,13.31981674
3142,6,7.880361548
3142,7,8.333022369
3142,8,6.353960653
3142,9,3.211227896
3143,0,11.4655499
3143,1,0.178902109
3143,4,9.930376109
3143,5,6.892871586
3143,6,7.234754475
3143,7,5.899682851
3143,8,4.323833039
3143,9,1.912177263
3144,0,19.60580567
3144,1,0.200970389
3144,4,16.33807422
3144,5,14.51428512
3144,6,7.507080088
3144,7,9.032131107
3144,8,6.757132148
3144,9,3.397567781
3145,0,14.54559712
3145,1,0.147758822
3145,4,12.36384444
3145,5,9.667224754
3145,6,7.366959839
3145,7,7.306686447
3145,8,5.35201865
3145,9,2.390145173
3146,0,16.40556936
3146,1,0.207039643
3146,4,14.15513755
3146,5,11.9947129
3146,6,7.313540043
3146,7,7.871150524
3146,8,5.826347053
3146,9,2.751906307
3147,0,9.598976906
3147,1,0.185685176
3147,4,8.113474274
3147,5,4.397775514
3147,6,7.548161827
3147,7,5.242655799
3147,8,3.692307692
3147,9,1.521141111
3148,0,21.72997427
3148,1,0.18828339
3148,4,17.10023242
3148,5,15.66066241
3148,6,7.190877397
3148,7,8.746513655
3148,8,7.428654437
3148,9,3.54252096
3149,0,16.43672421
3149,1,0.177106453
3149,4,13.48002466
3149,5,10.74299219
3149,6,7.940649404
3149,7,7.589704069
3149,8,5.848150432
3149,9,2.901602959
3150,0,14.91411082
3150,1,0.214544154
3150,4,12.21769952
3150,5,9.824940048
3150,6,7.246918255
3150,7,7.280154824
3150,8,5.111447684
3150,9,2.309184232
3151,0,19.30271903
3151,1,0.21862694
3151,4,15.55934993
3151,5,13.35309928
3151,6,7.740431295
3151,7,9.049255131
3151,8,6.484154599
3151,9,3.235274508
3152,0,15.58346495
3152,1,0.206477562
3152,4,13.05843705
3152,5,10.82433087
3152,6,7.252742856
3152,7,7.785499189
3152,8,5.601954219
3152,9,2.495651441
3153,0,16.59738226
3153,1,0.233006785
3153,4,13.98879833
3153,5,10.96669611
3153,6,7.441703136
3153,7,8.128598386
3153,8,5.885253142
3153,9,2.786987594
3154,0,15.7060339
3154,1,0.283357509
3154,4,12.98415207
3154,5,10.93684644
3154,6,7.171122995
3154,7,7.916711771
3154,8,5.634566672
3154,9,2.567559376
3155,0,15.74863256
3155,1,0.292221308
3155,4,13.46902077
3155,5,10.78128177
3155,6,7.588169805
3155,7,8.136211821
3155,8,5.509681011
3155,9,2.625006051
3156,0,15.44389787
3156,1,0.201504386
3156,4,12.32214154
3156,5,10.32942922
3156,6,7.138101559
3156,7,7.928945108
3156,8,5.293875745
3156,9,2.400926577
3157,0,15.27794998
3157,1,0.267609021
3157,4,13.34475203
3157,5,10.51715477
3157,6,7.42707888
3157,7,8.161874733
3157,8,5.577597264
3157,9,2.766059213
3158,0,14.57458121
3158,1,0.288225707
3158,4,11.38213685
3158,5,9.582088755
3158,6,6.494536322
3158,7,7.337011408
3158,8,4.782708595
3158,9,2.217986054
3159,0,16.49486559
3159,1,0.295134409
3159,4,13.75704301
3159,5,11.44836022
3159,6,7.418629032
3159,7,8.559946237
3159,8,5.918817204
3159,9,2.927043011
3160,0,15.09722951
3160,1,0.261759891
3160,4,12.1918646
3160,5,10.12292677
3160,6,7.115946505
3160,7,7.681533187
3160,8,4.980294654
3160,9,2.341137227
3161,0,15.34655552
3161,1,0.288205423
3161,4,12.51461148
3161,5,10.33339721
3161,6,7.863083261
3161,7,8.021909233
3161,8,5.641851107
3161,9,2.597330012
3162,0,16.88599882
3162,1,0.334534495
3162,4,12.91410601
3162,5,10.64777567
3162,6,7.501932779
3162,7,8.1473498
3162,8,5.696881347
3162,9,2.748247396
3163,0,15.70311778
3163,1,0.333428135
3163,4,11.76437129
3163,5,9.515055637
3163,6,6.629777098
3163,7,7.596644033
3163,8,5.316826051
3163,9,2.339578371
3164,0,16.38954513
3164,1,0.298571268
3164,4,12.90985113
3164,5,10.8243522
3164,6,8.082761465
3164,7,7.374770315
3164,8,5.595792553
3164,9,2.587580155
3165,0,15.90675544
3165,1,0.320431806
3165,4,12.76141578
3165,5,10.26367261
3165,6,6.738922741
3165,7,8.054314301
3165,8,5.382795456
3165,9,2.544722786
3166,0,15.48478397
3166,1,0.344040233
3166,4,12.44979993
3166,5,9.967365368
3166,6,7.242759076
3166,7,7.51958445
3166,8,5.108329356
3166,9,2.43889725
3167,0,15.14541877
3167,1,0.281482031
3167,4,11.46313484
3167,5,9.629492129
3167,6,7.667508168
3167,7,7.725126225
3167,8,4.978764479
3167,9,2.260654886
3168,0,16.05378126
3168,1,0.294177463
3168,4,13.40064779
3168,5,10.23858843
3168,6,6.889914131
3168,7,7.950399217
3168,8,5.965878277
3168,9,2.721527569
3169,0,15.20419451
3169,1,0.290348924
3169,4,12.24235338
3169,5,9.50783222
3169,6,8.106533036
3169,7,6.83363029
3169,8,4.999146251
3169,9,2.379027468
3170,0,11.67503802
3170,1,0.206439886
3170,4,8.760062321
3170,5,7.555254665
3170,6,6.710242238
3170,7,5.509700634
3170,8,3.889193901
3170,9,1.832362652
3171,0,14.88963421
3171,1,0.269836564
3171,4,12.10880925
3171,5,10.87922025
3171,6,7.262943335
3171,7,5.868695104
3171,8,5.240818293
3171,9,2.614831561
3172,0,14.25683684
3172,1,0.338694836
3172,4,11.34024072
3172,5,9.548271928
3172,6,7.816960506
3172,7,5.927638117
3172,8,4.773307814
3172,9,2.357944716
3173,0,12.88035274
3173,1,0.248262462
3173,4,10.10462596
3173,5,8.050070996
3173,6,6.436252896
3173,7,6.078768403
3173,8,4.46487557
3173,9,1.911366863
3174,0,16.94387699
3174,1,0.239758642
3174,4,14.19239577
3174,5,12.12871215
3174,6,8.014648686
3174,7,8.257424303
3174,8,6.078332303
3174,9,2.966813275
3175,0,15.6705935
3175,1,0.261370415
3175,4,12.65299732
3175,5,10.16589621
3175,6,7.723754846
3175,7,7.133462571
3175,8,5.078996421
3175,9,2.580860424
3176,0,13.03196815
3176,1,0.260750853
3176,4,10.31418278
3176,5,8.072051574
3176,6,6.229806598
3176,7,6.396018203
3176,8,4.309556314
3176,9,1.934167615
3177,0,16.91496524
3177,1,0.226747164
3177,4,13.88419319
3177,5,12.07585071
3177,6,8.298390048
3177,7,7.922319795
3177,8,6.034174899
3177,9,2.876472741
3178,0,16.57834799
3178,1,0.229733182
3178,4,13.59929919
3178,5,10.62251341
3178,6,7.163521553
3178,7,7.884585904
3178,8,5.395517757
3178,9,3.036536847
3179,0,14.20244611
3179,1,0.210901816
3179,4,11.61666226
3179,5,9.608319807
3179,6,6.500622853
3179,7,7.391604696
3179,8,4.963232796
3179,9,2.371107168
3180,0,15.29817138
3180,1,0.20405773
3180,4,12.32492066
3180,5,10.70723137
3180,6,7.880459423
3180,7,6.892927308
3180,8,5.285892398
3180,9,2.586330663
3181,0,15.30517639
3181,1,0.257231444
3181,4,13.00881007
3181,5,10.55605551
3181,6,7.186713049
3181,7,8.084848943
3181,8,5.470525958
3181,9,2.624305214
3182,0,14.77228323
3182,1,0.309466111
3182,4,12.22105263
3182,5,10.24380916
3182,6,7.176561908
3182,7,7.010677774
3182,8,5.003975767
3182,9,2.30920106
3183,0,12.17329352
3183,1,0.271411293
3183,4,9.416660367
3183,5,7.052233729
3183,6,7.772129413
3183,7,6.094678358
3183,8,4.26797188
3183,9,1.73531635
3184,0,19.50215257
3184,1,0.280362538
3184,4,16.43462991
3184,5,14.51650302
3184,6,7.609554381
3184,7,9.069070997
3184,8,6.990861027
3184,9,3.447469789
3185,0,16.9003346
3185,1,0.284108425
3185,4,13.18030753
3185,5,11.106207
3185,6,8.302680552
3185,7,7.237903681
3185,8,5.43178315
3185,9,2.549381556
3186,0,14.86247448
3186,1,0.210617863
3186,4,12.12300537
3186,5,8.849958406
3186,6,6.604439235
3186,7,7.30257884
3186,8,5.106972699
3186,9,2.252098616
3187,0,18.71060789
3187,1,0.231778315
3187,4,15.76493271
3187,5,12.84292303
3187,6,8.180175412
3187,7,8.663995161
3187,8,6.67998639
3187,9,3.106835022
3188,0,16.98654676
3188,1,0.237186518
3188,4,14.24058639
3188,5,10.68951524
3188,6,8.017584266
3188,7,7.427579147
3188,8,6.086641807
3188,9,2.765409081
3189,0,13.68546448
3189,1,0.209071038
3189,4,10.78819672
3189,5,8.084918033
3189,6,6.364553734
3189,7,6.154134791
3189,8,4.73726776
3189,9,1.983679417
3190,0,18.3233671
3190,1,0.209366495
3190,4,15.29123828
3190,5,13.28039008
3190,6,8.401534624
3190,7,8.509676444
3190,8,6.79645449
3190,9,3.238093438
3191,0,15.70223252
3191,1,0.243922174
3191,4,12.96333076
3191,5,10.56011622
3191,6,7.34065247
3191,7,7.412961124
3191,8,5.594615469
3191,9,2.638603847
3192,0,14.31873977
3192,1,0.255877102
3192,4,11.3974111
3192,5,9.473106681
3192,6,6.496094331
3192,7,6.480843624
3192,8,4.942084511
3192,9,2.145439667
3193,0,16.83103955
3193,1,0.22766864
3193,4,13.55763357
3193,5,11.40526375
3193,6,8.102673353
3193,7,7.784623506
3193,8,6.051167
3193,9,2.710832925
3194,0,16.23558055
3194,1,0.257889174
3194,4,12.74162011
3194,5,10.4863355
3194,6,6.697455836
3194,7,6.853729428
3194,8,5.493130002
3194,9,2.54548543
3195,0,15.52906309
3195,1,0.240729078
3195,4,12.89519505
3195,5,10.38702627
3195,6,7.029155707
3195,7,6.756899937
3195,8,5.31152521
3195,9,2.429444671
3196,0,15.17632261
3196,1,0.239252056
3196,4,11.9660196
3196,5,9.894416701
3196,6,7.578042278
3196,7,6.238426013
3196,8,5.276461533
3196,9,2.299440544
3197,0,16.29622444
3197,1,0.287755559
3197,4,13.89766453
3197,5,11.41404268
3197,6,6.996119982
3197,7,8.398373377
3197,8,6.234032234
3197,9,2.874347112
3198,0,15.81035069
3198,1,0.224906572
3198,4,13.17119022
3198,5,10.54697822
3198,6,7.595070024
3198,7,6.940319354
3198,8,5.451134348
3198,9,2.528292628
3199,0,14.53373508
3199,1,0.177199741
3199,4,11.4687059
3199,5,9.632518403
3199,6,6.541744536
3199,7,7.460696442
3199,8,5.061939815
3199,9,2.215873985
3200,0,16.28185005
3200,1,0.114332521
3200,4,13.87477141
3200,5,11.11863761
3200,6,7.492989942
3200,7,7.289241085
3200,8,6.126866809
3200,9,2.842921365
3201,0,14.9924208
3201,1,0.090571472
3201,4,12.33591026
3201,5,9.596786418
3201,6,7.185311505
3201,7,6.432393512
3201,8,5.093754737
3201,9,2.336289222
3202,0,11.84670586
3202,1,0.089319795
3202,4,9.666806626
3202,5,7.883082678
3202,6,5.37331094
3202,7,6.011260402
3202,8,4.211237499
3202,9,1.785861516
3203,0,14.6658828
3203,1,0.092546937
3203,4,11.36392945
3203,5,11.15691257
3203,6,4.979935521
3203,7,5.244945951
3203,8,4.783121563
3203,9,2.347468234
3204,0,13.87950527
3204,1,0.097579483
3204,4,11.53418317
3204,5,9.648721451
3204,6,6.263980575
3204,7,7.748577282
3204,8,4.870627513
3204,9,2.247894377
3205,0,12.30545802
3205,1,0.09221374
3205,4,10.53072519
3205,5,8.846793893
3205,6,5.411526718
3205,7,5.151183206
3205,8,4.407366412
3205,9,2.044389313
3206,0,12.76722036
3206,1,0.097721731
3206,4,10.96456873
3206,5,9.950243828
3206,6,7.311909479
3206,7,6.460416032
3206,8,4.354731789
3206,9,2.059661689
3207,0,13.61116993
3207,1,0.117938441
3207,4,11.58606216
3207,5,9.892195417
3207,6,6.137449898
3207,7,6.848294638
3207,8,4.695870831
3207,9,2.215306663
3208,0,14.264707
3208,1,0.149826976
3208,4,12.15640567
3208,5,10.31710842
3208,6,6.894588736
3208,7,6.365364871
3208,8,4.97543446
3208,9,2.289196486
3209,0,13.72033189
3209,1,0.133516023
3209,4,11.15502017
3209,5,9.423346274
3209,6,6.711806348
3209,7,7.165562914
3209,8,4.892631499
3209,9,2.194564969
3210,0,14.79319075
3210,1,0.200952237
3210,4,11.99285822
3210,5,10.11086759
3210,6,6.67019347
3210,7,6.347264208
3210,8,5.36158555
3210,9,2.334983374
3211,0,14.3454438
3211,1,0.205065721
3211,4,12.26063358
3211,5,9.528060848
3211,6,7.674494166
3211,7,7.754282971
3211,8,4.969576134
3211,9,2.298257274
3212,0,12.50491581
3212,1,0.143029344
3212,4,10.28176442
3212,5,8.281613742
3212,6,6.148416017
3212,7,5.599427431
3212,8,4.445474065
3212,9,1.974950089
3213,0,15.71887657
3213,1,0.168287975
3213,4,12.36159582
3213,5,10.94428252
3213,6,7.680608653
3213,7,7.142246111
3213,8,5.169082857
3213,9,2.510693062
3214,0,15.77918676
3214,1,0.19427465
3214,4,13.22753332
3214,5,9.942632598
3214,6,7.270359543
3214,7,7.583887012
3214,8,5.429894833
3214,9,2.436690839
3215,0,12.20205206
3215,1,0.164278928
3215,4,10.50286909
3215,5,8.265931978
3215,6,5.888922668
3215,7,5.622382671
3215,8,4.450693521
3215,9,1.84932548
3216,0,15.7234554
3216,1,0.172995305
3216,4,12.71692019
3216,5,10.42264789
3216,6,7.739042254
3216,7,7.644807512
3216,8,5.382460094
3216,9,2.470948357
3217,0,15.00309096
3217,1,0.227599985
3217,4,12.16238833
3217,5,8.970786686
3217,6,6.74940631
3217,7,6.487127295
3217,8,4.950356214
3217,9,2.817746617
3218,0,14.07562291
3218,1,0.172136129
3218,4,11.96619569
3218,5,8.725691279
3218,6,6.235034944
3218,7,6.983743543
3218,8,4.90170161
3218,9,2.37868429
3219,0,14.51960933
3219,1,0.176976075
3219,4,11.970851
3219,5,10.87367505
3219,6,7.204459419
3219,7,7.567004846
3219,8,5.082412174
3219,9,2.313976378
3220,0,15.71064197
3220,1,0.21971376
3220,4,12.50336201
3220,5,11.16640998
3220,6,6.266406221
3220,7,7.115510311
3220,8,5.380714474
3220,9,2.44498704
3221,0,15.11501476
3221,1,0.176383736
3221,4,12.65548573
3221,5,11.03812372
3221,6,6.917051564
3221,7,7.769667601
3221,8,5.079276141
3221,9,2.402400242
3222,0,12.78847396
3222,1,0.175245983
3222,4,10.75238385
3222,5,9.406412643
3222,6,6.203776165
3222,7,6.43547468
3222,8,4.649849941
3222,9,2.023705505
3223,0,15.0964823
3223,1,0.153300909
3223,4,12.03212306
3223,5,10.31572597
3223,6,6.631074916
3223,7,7.057007126
3223,8,5.05380236
3223,9,2.416732647
3224,0,14.91655313
3224,1,0.162238874
3224,4,12.48580836
3224,5,9.898879806
3224,6,7.167461399
3224,7,7.769376325
3224,8,5.068233424
3224,9,2.401036936
3225,0,11.20371846
3225,1,0.125668754
3225,4,9.621779548
3225,5,7.067159932
3225,6,5.53428192
3225,7,5.780952381
3225,8,4.187782205
3225,9,1.791993929
3226,0,15.85258979
3226,1,0.141550095
3226,4,12.63028355
3226,5,10.80245747
3226,6,6.862079395
3226,7,7.957844991
3226,8,5.283402647
3226,9,2.53557656
3227,0,14.07492632
3227,1,0.151250661
3227,4,11.59291166
3227,5,8.770762488
3227,6,6.888347314
3227,7,7.05248243
3227,8,4.735585279
3227,9,2.284440414
3228,0,12.24993351
3228,1,0.121775143
3228,4,10.51612903
3228,5,7.613549147
3228,6,5.696493028
3228,7,6.697252935
3228,8,4.416505186
3228,9,2.003039629
3229,0,16.96892367
3229,1,0.118785679
3229,4,12.10354996
3229,5,9.965710181
3229,6,7.420059733
3229,7,8.168273411
3229,8,5.272239235
3229,9,2.547427318
3230,0,14.38017245
3230,1,0.18118152
3230,4,12.01720697
3230,5,9.077374901
3230,6,6.567265334
3230,7,6.679656614
3230,8,5.065853383
3230,9,2.356978802
3231,0,13.80509434
3231,1,0.196528302
3231,4,11.60615094
3231,5,8.794150943
3231,6,6.240566038
3231,7,6.465358491
3231,8,4.704679245
3231,9,2.204792453
3232,0,14.99954923
3232,1,0.157732617
3232,4,10.82138162
3232,5,8.658652943
3232,6,7.146500883
3232,7,6.300439503
3232,8,4.719657413
3232,9,2.12651666
3233,0,15.17743498
3233,1,0.197145838
3233,4,11.88087786
3233,5,9.195469111
3233,6,6.215552575
3233,7,6.672740145
3233,8,5.01117818
3233,9,2.390081228
3234,0,16.871135
3234,1,0.208303372
3234,4,13.29080725
3234,5,9.622185217
3234,6,7.222987549
3234,7,6.854747758
3234,8,5.478484654
3234,9,2.580479128
3235,0,14.74920442
3235,1,0.125662979
3235,4,11.57789059
3235,5,8.571563873
3235,6,6.266593423
3235,7,6.235149265
3235,8,5.096832853
3235,9,2.078117897
3236,0,16.24792007
3236,1,0.149012034
3236,4,12.84701382
3236,5,10.59645669
3236,6,6.542341405
3236,7,8.127544198
3236,8,5.506722627
3236,9,2.588396969
3237,0,16.17301051
3237,1,0.196771772
3237,4,12.79350601
3237,5,9.538963964
3237,6,6.930255255
3237,7,7.931043544
3237,8,5.19237988
3237,9,2.388063063
3238,0,13.54829901
3238,1,0.12322221
3238,4,10.16107255
3238,5,7.329957902
3238,6,5.611977093
3238,7,7.008229984
3238,8,4.405393105
3238,9,1.932150036
3239,0,17.13363551
3239,1,0.149423985
3239,4,13.11924457
3239,5,11.24302172
3239,6,7.040679887
3239,7,8.32
3239,8,5.535901794
3239,9,2.594258735
3240,0,15.89936349
3240,1,0.164174607
3240,4,12.25147829
3240,5,9.460622952
3240,6,6.576588452
3240,7,7.670483221
3240,8,5.082972393
3240,9,2.364769689
3241,0,13.46318949
3241,1,0.196210131
3241,4,10.47542214
3241,5,8.262776735
3241,6,5.592645403
3241,7,6.88315197
3241,8,4.411482176
3241,9,2.01163227
3242,0,16.26584695
3242,1,0.12478998
3242,4,11.98132733
3242,5,10.11894761
3242,6,7.103482511
3242,7,7.783144952
3242,8,5.161409806
3242,9,2.388383993
3243,0,14.94964244
3243,1,0.196450635
3243,4,11.48743869
3243,5,9.272866824
3243,6,6.064921936
3243,7,7.277322251
3243,8,4.8111498
3243,9,2.213373769
3244,0,14.67265417
3244,1,0.139040247
3244,4,12.13904025
3244,5,9.132464019
3244,6,6.321558754
3244,7,7.517567923
3244,8,4.86708504
3244,9,2.691142761
3245,0,14.28227129
3245,1,0.118331236
3245,4,11.30957556
3245,5,9.188879991
3245,6,6.460588033
3245,7,7.393013767
3245,8,5.0506807
3245,9,2.240361515
3246,0,14.29566869
3246,1,0.128153495
3246,4,11.71831307
3246,5,9.856382979
3246,6,6.431420973
3246,7,7.691603343
3246,8,5.025835866
3246,9,2.356344985
3247,0,13.92584423
3247,1,0.111119562
3247,4,12.16732583
3247,5,9.397969273
3247,6,6.726726498
3247,7,7.686073928
3247,8,4.923448433
3247,9,2.257415577
3248,0,12.50468075
3248,1,0.085705552
3248,4,10.19773795
3248,5,8.053647167
3248,6,5.61415307
3248,7,6.939742463
3248,8,4.359863972
3248,9,1.908562913
3249,0,14.57017975
3249,1,0.134758751
3249,4,12.02751183
3249,5,10.32915799
3249,6,6.71640492
3249,7,7.624938505
3249,8,5.063349101
3249,9,2.43243141
3250,0,14.10416824
3250,1,0.126711552
3250,4,12.71223239
3250,5,9.680989485
3250,6,6.41988804
3250,7,7.939972766
3250,8,5.201679401
3250,9,2.448067176
3251,0,11.52589824
3251,1,0.111755283
3251,4,9.908650545
3251,5,7.363757724
3251,6,5.333320619
3251,7,6.771035167
3251,8,4.176596232
3251,9,1.835570982
3252,0,16.50430776
3252,1,0.143504645
3252,4,13.35529667
3252,5,12.64200629
3252,6,7.134551993
3252,7,8.42942763
3252,8,5.627060234
3252,9,2.697969733
3253,0,15.14544768
3253,1,0.167661504
3253,4,12.74106536
3253,5,10.52769173
3253,6,6.361881375
3253,7,7.921609369
3253,8,5.282772951
3253,9,2.581337363
3254,0,13.91002184
3254,1,0.165989007
3254,4,11.29982682
3254,5,9.658534749
3254,6,5.68161283
3254,7,7.34199232
3254,8,4.756004819
3254,9,2.149536932
3255,0,14.78251535
3255,1,0.132547365
3255,4,11.98391653
3255,5,10.86571999
3255,6,7.165241629
3255,7,7.893856642
3255,8,5.251233568
3255,9,2.407924969
3256,0,14.33062269
3256,1,0.186055267
3256,4,12.38739553
3256,5,10.78988781
3256,6,6.049996235
3256,7,7.83152624
3256,8,5.206610948
3256,9,2.59577592
3257,0,14.98634139
3257,1,0.178093106
3257,4,12.49652844
3257,5,10.60879463
3257,6,6.142960124
3257,7,7.386766324
3257,8,5.056721175
3257,9,2.366999279
3258,0,12.6988121
3258,1,0.163953091
3258,4,10.43394436
3258,5,8.812668412
3258,6,6.267714145
3258,7,6.955216517
3258,8,4.524308323
3258,9,2.058104672
3259,0,15.49918699
3259,1,0.195311023
3259,4,12.35806391
3259,5,11.18196256
3259,6,5.895405559
3259,7,7.752656457
3259,8,5.186084326
3259,9,2.459633201
3260,0,14.58387403
3260,1,0.231796623
3260,4,12.50810093
3260,5,10.02329729
3260,6,6.362398027
3260,7,7.297021438
3260,8,5.089167141
3260,9,2.374767596
3261,0,11.79409749
3261,1,0.180578827
3261,4,10.02936024
3261,5,8.383092155
3261,6,5.24531607
3261,7,6.018697639
3261,8,4.302018279
3261,9,1.931340442
3262,0,15.58454345
3262,1,0.205504448
3262,4,12.52976507
3262,5,11.12073291
3262,6,6.614384551
3262,7,7.450809701
3262,8,5.319432829
3262,9,2.550520794
3263,0,14.98271596
3263,1,0.201241101
3263,4,12.27174782
3263,5,10.32771158
3263,6,6.428788975
3263,7,6.938516009
3263,8,5.031294019
3263,9,2.349868656
3264,0,11.86786719
3264,1,0.21433127
3264,4,9.895441756
3264,5,8.123541549
3264,6,5.312024011
3264,7,6.015306697
3264,8,4.299643594
3264,9,1.908422435
3265,0,16.11700019
3265,1,0.206732747
3265,4,12.67185338
3265,5,11.16786983
3265,6,6.868150365
3265,7,7.227043202
3265,8,5.563343931
3265,9,2.57882925
3266,0,14.30479361
3266,1,0.188869131
3266,4,12.06057281
3266,5,9.841436192
3266,6,5.779728349
3266,7,6.728046612
3266,8,4.965268056
3266,9,2.338125686
3267,0,13.80508732
3267,1,0.184510251
3267,4,11.30296128
3267,5,9.337091875
3267,6,5.434662111
3267,7,6.464198937
3267,8,4.643128322
3267,9,2.088458618
3268,0,14.09116549
3268,1,0.16872475
3268,4,10.92750972
3268,5,9.665447062
3268,6,6.470615138
3268,7,6.328645476
3268,8,4.512539065
3268,9,2.255011815
3269,0,14.23289279
3269,1,0.192676184
3269,4,11.4879388
3269,5,9.722914379
3269,6,5.768773431
3269,7,6.67997122
3269,8,4.812852653
3269,9,2.328852198
3270,0,14.01310833
3270,1,0.217681181
3270,4,11.52467229
3270,5,9.666189543
3270,6,5.996082567
3270,7,6.590929637
3270,8,4.640161217
3270,9,2.244726533
3271,0,13.27718898
3271,1,0.165090218
3271,4,10.53652422
3271,5,9.976904084
3271,6,5.620778727
3271,7,6.177777778
3271,8,4.528812915
3271,9,2.091396011
3272,0,15.12738781
3272,1,0.198802761
3272,4,12.00804514
3272,5,11.84664659
3272,6,6.140199032
3272,7,6.63869295
3272,8,5.185915278
3272,9,2.404087391
3273,0,14.33134747
3273,1,0.21359997
3273,4,12.0570713
3273,5,11.21162676
3273,6,6.216180321
3273,7,6.829203506
3273,8,4.87618108
3273,9,2.338063978
3274,0,11.06241695
3274,1,0.137514712
3274,4,9.833744637
3274,5,9.004366149
3274,6,5.419074376
3274,7,5.779680322
3274,8,3.884733665
3274,9,1.785261399
3275,0,16.13402877
3275,1,0.157151465
3275,4,13.42434285
3275,5,13.71013783
3275,6,6.9272426
3275,7,7.746290578
3275,8,5.44415154
3275,9,2.619793628
3276,0,14.28914487
3276,1,0.19218791
3276,4,12.36377622
3276,5,11.08344903
3276,6,6.338899103
3276,7,6.418483359
3276,8,4.992345503
3276,9,2.323477543
3277,0,12.3701689
3277,1,0.230104991
3277,4,10.33110164
3277,5,9.385575167
3277,6,5.295990566
3277,7,5.936434875
3277,8,4.538268411
3277,9,1.968388618
3278,0,15.83280219
3278,1,0.200887776
3278,4,12.22820396
3278,5,12.72714166
3278,6,7.153994992
3278,7,7.490629031
3278,8,5.260869565
3278,9,2.486873056
3279,0,15.0237445
3279,1,0.258572296
3279,4,12.19006979
3279,5,11.34554696
3279,6,5.853322713
3279,7,6.709983311
3279,8,5.207555758
3279,9,2.546047641
3280,0,14.30825067
3280,1,0.253638886
3280,4,11.79755254
3280,5,11.19416258
3280,6,5.644016266
3280,7,6.728005169
3280,8,4.900049405
3280,9,2.394139779
3281,0,12.6924041
3281,1,0.187808583
3281,4,10.50205089
3281,5,9.20972275
3281,6,6.602164831
3281,7,6.411621724
3281,8,4.574553741
3281,9,2.103456134
3282,0,14.76559026
3282,1,0.241079167
3282,4,11.82113117
3282,5,10.6336712
3282,6,5.786917367
3282,7,6.950035796
3282,8,5.083235992
3282,9,2.348129168
3283,0,14.19971956
3283,1,0.274567022
3283,4,11.80043203
3283,5,10.10444537
3283,6,6.311706522
3283,7,6.376586956
3283,8,4.910524122
3283,9,2.249251525
3284,0,11.70941296
3284,1,0.186642097
3284,4,9.668421646
3284,5,8.215223196
3284,6,5.641382423
3284,7,6.190402768
3284,8,4.296829754
3284,9,1.9052687
3285,0,15.99247672
3285,1,0.191284916
3285,4,12.44882682
3285,5,11.4156797
3285,6,6.006927374
3285,7,7.000595903
3285,8,5.34744879
3285,9,2.469310987
3286,0,14.75613772
3286,1,0.203892216
3286,4,11.76672904
3286,5,9.879229042
3286,6,6.504378743
3286,7,7.026983533
3286,8,4.912986527
3286,9,2.268450599
3287,0,11.04295435
3287,1,0.17539058
3287,4,8.873607785
3287,5,6.902915574
3287,6,4.890485422
3287,7,5.319078572
3287,8,4.014977002
3287,9,1.653286198
3288,0,16.55805427
3288,1,0.187844886
3288,4,13.24990551
3288,5,12.65889334
3288,6,6.50551818
3288,7,7.564933102
3288,8,5.698049739
3288,9,2.692531559
3289,0,13.80931992
3289,1,0.240241205
3289,4,11.66334832
3289,5,9.903232712
3289,6,6.116748733
3289,7,7.044137587
3289,8,4.836366231
3289,9,2.190822807
3290,0,11.88131111
3290,1,0.202790633
3290,4,9.812310797
3290,5,9.163018894
3290,6,4.871707436
3290,7,5.654615679
3290,8,4.183339713
3290,9,1.851943352
3291,0,15.51587655
3291,1,0.203390459
3291,4,12.41917056
3291,5,12.21741227
3291,6,6.18977669
3291,7,8.016841012
3291,8,5.392536538
3291,9,2.538318866
3292,0,14.10914127
3292,1,0.210452447
3292,4,11.26987996
3292,5,11.02245614
3292,6,6.091449677
3292,7,7.229215143
3292,8,4.913942752
3292,9,2.29189289
3293,0,12.5972325
3293,1,0.272680184
3293,4,10.05708894
3293,5,9.699126831
3293,6,5.003366879
3293,7,6.470771052
3293,8,4.348490454
3293,9,2.054277046
3294,0,14.15488836
3294,1,0.204024857
3294,4,11.17165258
3294,5,10.33055134
3294,6,5.937242575
3294,7,7.479984103
3294,8,4.762844136
3294,9,2.25735241
3295,0,13.57394247
3295,1,0.297574732
3295,4,11.09531867
3295,5,10.75187065
3295,6,5.689753713
3295,7,6.458507238
3295,8,4.612972363
3295,9,2.263132168
3296,0,13.56332008
3296,1,0.268408728
3296,4,11.19559157
3296,5,10.22804148
3296,6,5.644017396
3296,7,7.04780136
3296,8,4.705534699
3296,9,2.150131956
3297,0,12.54662114
3297,1,0.1920003
3297,4,10.07136693
3297,5,9.13766838
3297,6,5.817117557
3297,7,6.538666467
3297,8,4.378334772
3297,9,2.026377997
3298,0,16.4706774
3298,1,0.263127504
3298,4,13.06690967
3298,5,11.5361074
3298,6,5.62210834
3298,7,7.087227976
3298,8,5.602764445
3298,9,2.731531271
3299,0,14.52731138
3299,1,0.349679326
3299,4,12.06871082
3299,5,10.61875766
3299,6,6.136484831
3299,7,7.198385818
3299,8,5.10693954
3299,9,2.387331556
3300,0,12.14095805
3300,1,0.23393839
3300,4,9.423137757
3300,5,8.32612789
3300,6,5.308503427
3300,7,6.490509904
3300,8,4.184153047
3300,9,1.809294268
3301,0,16.89412161
3301,1,0.24094264
3301,4,14.19744483
3301,5,13.0014237
3301,6,5.786369937
3301,7,8.5614252
3301,8,6.212730883
3301,9,2.909295268
3302,0,14.2653731
3302,1,0.259386158
3302,4,12.36228225
3302,5,10.70094132
3302,6,6.302484942
3302,7,7.843329607
3302,8,5.023623183
3302,9,2.319147401
3303,0,12.25304287
3303,1,0.18845718
3303,4,9.672977814
3303,5,8.339193684
3303,6,4.791732154
3303,7,6.197777697
3303,8,4.255162835
3303,9,1.897839833
3304,0,16.87221298
3304,1,0.211869107
3304,4,13.17101128
3304,5,12.52386763
3304,6,6.088777963
3304,7,7.967387687
3304,8,5.675577741
3304,9,2.700868922
3305,0,13.99028872
3305,1,0.227355918
3305,4,13.38699436
3305,5,10.89029993
3305,6,6.445486124
3305,7,8.326448287
3305,8,5.445859635
3305,9,2.526388526
3306,0,11.92267056
3306,1,0.177513019
3306,4,10.03585478
3306,5,8.040500543
3306,6,4.829642951
3306,7,6.28316661
3306,8,4.221572815
3306,9,1.886778315
3307,0,16.80815816
3307,1,0.162132312
3307,4,12.87516106
3307,5,12.88826713
3307,6,6.336487133
3307,7,8.289290579
3307,8,5.463166808
3307,9,2.626624452
3308,0,14.96459851
3308,1,0.188599396
3308,4,13.12706999
3308,5,11.49142563
3308,6,6.408368293
3308,7,7.909877088
3308,8,5.491241628
3308,9,2.6251196
3309,0,14.0187346
3309,1,0.151797362
3309,4,10.99557907
3309,5,10.0759168
3309,6,5.014639803
3309,7,6.920749384
3309,8,4.658718655
3309,9,2.103638208
3310,0,15.8612442
3310,1,0.126462396
3310,4,11.86343547
3310,5,11.40568245
3310,6,6.237697307
3310,7,7.952906221
3310,8,5.155134633
3310,9,2.385775302
3311,0,14.84494289
3311,1,0.164111812
3311,4,11.83449805
3311,5,10.74150887
3311,6,5.703749624
3311,7,7.292643523
3311,8,5.008152991
3311,9,2.332394049
3312,0,14.24667541
3312,1,0.162913578
3312,4,11.76052342
3312,5,10.81467428
3312,6,5.391325934
3312,7,7.458952445
3312,8,4.855633178
3312,9,2.271321678
3313,0,15.24784039
3313,1,0.11533596
3313,4,12.22250334
3313,5,10.24599704
3313,6,6.059131818
3313,7,7.163010084
3313,8,5.494488018
3313,9,2.502403585
3314,0,14.90466046
3314,1,0.146204731
3314,4,12.32029002
3314,5,10.21923235
3314,6,5.331950518
3314,7,6.664536383
3314,8,5.284037822
3314,9,2.472175505
3315,0,14.60596239
3315,1,0.150604907
3315,4,12.35024309
3315,5,10.25375947
3315,6,5.936984133
3315,7,7.548298345
3315,8,5.111672257
3315,9,2.34722798
3316,0,13.06499804
3316,1,0.10325525
3316,4,10.9939744
3316,5,9.393838913
3316,6,5.017042821
3316,7,8.166755803
3316,8,4.783934111
3316,9,2.353692017
3317,0,14.58770429
3317,1,0.14246715
3317,4,12.36785207
3317,5,10.80770211
3317,6,5.507698468
3317,7,8.737596913
3317,8,5.231099625
3317,9,2.744403596
3318,0,13.76396284
3318,1,0.171519847
3318,4,11.81797819
3318,5,9.769066941
3318,6,6.097198252
3318,7,6.729115411
3318,8,4.692395256
3318,9,2.307310983
3319,0,11.03066479
3319,1,0.18250124
3319,4,8.36374385
3319,5,6.898584996
3319,6,4.91963843
3319,7,5.306838552
3319,8,3.613867806
3319,9,1.647736374
3320,0,17.06291529
3320,1,0.171887459
3320,4,14.45358241
3320,5,13.22648745
3320,6,5.761172495
3320,7,8.952576224
3320,8,6.212666591
3320,9,3.112996924
3321,0,14.12144213
3321,1,0.219089184
3321,4,11.82550285
3321,5,9.85943074
3321,6,6.231650854
3321,7,7.036242884
3321,8,4.892447818
3321,9,2.30629981
3322,0,10.81536859
3322,1,0.158409581
3322,4,9.106300677
3322,5,7.368072603
3322,6,4.69843041
3322,7,5.823625679
3322,8,3.879751544
3322,9,1.791713159
3323,0,16.20487842
3323,1,0.146881136
3323,4,13.76196949
3323,5,12.62354629
3323,6,6.020125359
3323,7,8.175766501
3323,8,5.921386498
3323,9,2.94196496
3324,0,13.62206259
3324,1,0.178059684
3324,4,11.33231439
3324,5,9.730235757
3324,6,5.769324825
3324,7,6.614802644
3324,8,4.639180773
3324,9,2.347598487
3325,0,13.17413734
3325,1,0.189116894
3325,4,10.93721579
3325,5,9.260193359
3325,6,4.915052161
3325,7,7.151209446
3325,8,4.625281822
3325,9,2.165157247
3326,0,14.41468578
3326,1,0.155214678
3326,4,12.30938939
3326,5,10.65016342
3326,6,6.116847422
3326,7,6.975895112
3326,8,5.357524885
3326,9,2.576103105
3327,0,14.03777685
3327,1,0.206206654
3327,4,11.44226405
3327,5,9.692224104
3327,6,5.707532999
3327,7,7.048994854
3327,8,4.798107961
3327,9,2.320687782
3328,0,13.20714425
3328,1,0.192225184
3328,4,10.71357993
3328,5,8.674998375
3328,6,4.868816226
3328,7,6.502990314
3328,8,4.590391991
3328,9,2.128453488
3329,0,15.27972533
3329,1,0.171196241
3329,4,13.09472353
3329,5,11.2356704
3329,6,6.047921937
3329,7,7.421900976
3329,8,5.888362848
3329,9,2.712576798
3330,0,14.55575293
3330,1,0.20165797
3330,4,11.78450094
3330,5,9.872876651
3330,6,5.485252211
3330,7,7.460604715
3330,8,4.988971541
3330,9,2.444469117
3331,0,11.60295775
3331,1,0.169026086
3331,4,9.546001814
3331,5,7.771324116
3331,6,4.799747107
3331,7,5.929849639
3331,8,4.161906594
3331,9,1.896258831
3332,0,15.73305011
3332,1,0.181318999
3332,4,13.53349517
3332,5,11.87968904
3332,6,5.725940697
3332,7,8.123692272
3332,8,6.135512398
3332,9,2.921073926
3333,0,14.27899639
3333,1,0.215557392
3333,4,12.43295523
3333,5,10.23114483
3333,6,6.023888221
3333,7,7.606257512
3333,8,5.112304688
3333,9,2.6564378
3334,0,11.21304993
3334,1,0.128750143
3334,4,9.355907069
3334,5,7.379786304
3334,6,4.454465949
3334,7,5.874824138
3334,8,4.087721967
3334,9,1.812426328
3335,0,16.27960649
3335,1,0.11577018
3335,4,13.75319817
3335,5,11.76789856
3335,6,5.997905289
3335,7,7.743846787
3335,8,5.990349368
3335,9,2.861113189
3336,0,15.38541588
3336,1,0.131640243
3336,4,11.90288527
3336,5,9.549628071
3336,6,5.578631002
3336,7,6.693177549
3336,8,4.946990758
3336,9,2.437598617
3337,0,12.39119879
3337,1,0.130842185
3337,4,10.45675266
3337,5,8.411911988
3337,6,4.412063733
3337,7,6.190136571
3337,8,4.328376328
3337,9,2.044081942
3338,0,15.50261233
3338,1,0.118972981
3338,4,12.59441708
3338,5,10.6624123
3338,6,5.686408419
3338,7,7.61751754
3338,8,5.535042544
3338,9,2.643491566
3339,0,14.01886381
3339,1,0.177661469
3339,4,11.49514775
3339,5,9.603314797
3339,6,5.472758332
3339,7,6.799658343
3339,8,4.916439501
3339,9,2.414022462
3340,0,13.38251693
3340,1,0.160535868
3340,4,10.99700632
3340,5,9.120008981
3340,6,5.215245294
3340,7,6.663473412
3340,8,4.615350073
3340,9,2.243797478
3341,0,13.49277227
3341,1,0.123439037
3341,4,11.60550216
3341,5,9.289298418
3341,6,5.70642549
3341,7,6.591311587
3341,8,5.059789601
3341,9,2.407591009
3342,0,13.13875098
3342,1,0.157154056
3342,4,11.27126806
3342,5,9.469185113
3342,6,5.116428385
3342,7,6.833513756
3342,8,4.524954272
3342,9,2.361566315
3343,0,12.98527557
3343,1,0.202878125
3343,4,11.26674579
3343,5,9.366070766
3343,6,5.803167421
3343,7,6.892589571
3343,8,4.370781099
3343,9,2.197426007
3344,0,11.72383742
3344,1,0.135392717
3344,4,9.856003857
3344,5,8.2799822
3344,6,5.318586368
3344,7,6.835236965
3344,8,3.920418305
3344,9,1.949158199
3345,0,13.79932348
3345,1,0.148721067
3345,4,11.81726274
3345,5,10.38299571
3345,6,4.419520353
3345,7,8.118429554
3345,8,4.714454031
3345,9,2.529018281
3346,0,13.40014379
3346,1,0.203344937
3346,4,11.44074466
3346,5,9.467685788
3346,6,6.215339791
3346,7,6.868321477
3346,8,4.384932647
3346,9,2.349591343
3347,0,11.40898652
3347,1,0.107497407
3347,4,9.753111572
3347,5,8.079678471
3347,6,4.533116017
3347,7,6.391206105
3347,8,3.811120166
3347,9,1.868795377
3348,0,14.25329008
3348,1,0.126995245
3348,4,12.87624876
3348,5,11.10782615
3348,6,6.02985955
3348,7,7.534633391
3348,8,5.249824898
3348,9,2.660928226
3349,0,13.34226324
3349,1,0.198296563
3349,4,11.63406123
3349,5,9.523900645
3349,6,6.516021312
3349,7,6.021274201
3349,8,4.640064535
3349,9,2.456025814
3350,0,10.96254326
3350,1,0.207247975
3350,4,9.508423014
3350,5,7.526942237
3350,6,4.728676275
3350,7,4.639844849
3350,8,3.833250941
3350,9,1.839525421
3351,0,14.4275034
3351,1,0.151185622
3351,4,13.30339073
3351,5,11.13336354
3351,6,6.057393143
3351,7,6.829784021
3351,8,5.520125359
3351,9,2.740182752
3352,0,13.4872981
3352,1,0.192121028
3352,4,11.67433836
3352,5,9.41810116
3352,6,5.683665731
3352,7,7.285280959
3352,8,4.81318723
3352,9,2.26988701
3353,0,14.38170838
3353,1,0.247255878
3353,4,11.90250294
3353,5,9.646321547
3353,6,5.331117779
3353,7,6.874510995
3353,8,5.203311937
3353,9,2.368149189
3354,0,13.73579179
3354,1,0.228393657
3354,4,12.33147432
3354,5,9.949616815
3354,6,5.771226952
3354,7,7.070680628
3354,8,5.485545186
3354,9,2.490287579
3355,0,13.53386528
3355,1,0.240155873
3355,4,11.65203192
3355,5,9.789979588
3355,6,5.181629245
3355,7,6.580218965
3355,8,4.934607534
3355,9,2.320282056
3356,0,13.9760396
3356,1,0.28137538
3356,4,11.67415351
3356,5,9.776257078
3356,6,5.933743297
3356,7,7.128388766
3356,8,4.786981139
3356,9,2.466384191
3357,0,12.74796994
3357,1,0.18929637
3357,4,10.64452166
3357,5,9.27031008
3357,6,4.822109756
3357,7,6.985798995
3357,8,4.529780564
3357,9,2.165464365
3358,0,13.41662903
3358,1,0.185260464
3358,4,11.65624059
3358,5,9.805254441
3358,6,5.807663354
3358,7,6.856293285
3358,8,4.956338452
3358,9,2.392690455
3359,0,10.63672406
3359,1,0.246601722
3359,4,8.707106177
3359,5,6.844660927
3359,6,6.03152847
3359,7,5.741088959
3359,8,3.6194306
3359,9,1.588921613
3360,0,5.468389058
3360,1,0.181117021
3360,4,4.390729483
3360,5,1.920896657
3360,6,4.345174772
3360,7,3.571960486
3360,8,2.010790274
3360,9,0.769338906
3361,0,6.902112489
3361,1,0.185648728
3361,4,5.308605454
3361,5,2.104031555
3361,6,6.002161793
3361,7,3.412637008
3361,8,2.625137482
3361,9,1.275571737
3362,0,5.906093
3362,1,0.249348393
3362,4,5.203905866
3362,5,2.20994976
3362,6,6.048728894
3362,7,4.969327239
3362,8,2.192498017
3362,9,0.944547275
3363,0,5.61069168
3363,1,0.195187981
3363,4,4.729466941
3363,5,1.981697552
3363,6,4.752955083
3363,7,4.009341874
3363,8,1.992640891
3363,9,0.776214444
3364,0,5.933627813
3364,1,0.242412703
3364,4,4.512394806
3364,5,2.130878489
3364,6,6.117208027
3364,7,4.262823198
3364,8,2.150603557
3364,9,0.823959484
3365,0,12.39319578
3365,1,0.302321171
3365,4,10.58636122
3365,5,7.850716832
3365,6,5.48862171
3365,7,6.954866115
3365,8,4.380869301
3365,9,2.177311689
3366,0,14.20949456
3366,1,0.271186441
3366,4,16.0954006
3366,5,9.406817579
3366,6,5.766579456
3366,7,7.347173245
3366,8,4.698327835
3366,9,2.258787396
3367,0,13.29488153
3367,1,0.218446233
3367,4,10.5296932
3367,5,9.820777643
3367,6,5.764998481
3367,7,7.080460207
3367,8,4.560943196
3367,9,2.156439854
3368,0,14.08706753
3368,1,0.2413321
3368,4,12.82701203
3368,5,10.30364477
3368,6,5.610878816
3368,7,7.722294172
3368,8,5.614727105
3368,9,2.600999075
3369,0,14.10611334
3369,1,0.307936748
3369,4,11.25747144
3369,5,9.789021714
3369,6,7.122682908
3369,7,7.071650148
3369,8,4.812022395
3369,9,2.216463645
3370,0,12.21607068
3370,1,0.202115961
3370,4,9.121079974
3370,5,7.780933601
3370,6,5.277084676
3370,7,5.385954268
3370,8,4.220128171
3370,9,1.856395283
3371,0,16.02361324
3371,1,0.205282202
3371,4,13.39594136
3371,5,11.28746223
3371,6,6.270004103
3371,7,7.765210579
3371,8,5.897191032
3371,9,2.830044391
3372,0,14.31152964
3372,1,0.328107966
3372,4,12.23495357
3372,5,9.760309763
3372,6,6.503665276
3372,7,6.755911432
3372,8,4.927108003
3372,9,2.352843878
3373,0,11.09810428
3373,1,0.281115307
3373,4,9.403097227
3373,5,6.771598581
3373,6,5.075866804
3373,7,6.04497082
3373,8,4.021627188
3373,9,1.720944425
3374,0,17.21282843
3374,1,0.255386493
3374,4,14.46886321
3374,5,12.46108378
3374,6,6.755443694
3374,7,8.811196278
3374,8,6.086755901
3374,9,2.955611486
3375,0,14.51747665
3375,1,0.290985325
3375,4,12.69578807
3375,5,9.861787688
3375,6,5.990813798
3375,7,6.669449209
3375,8,5.048751668
3375,9,2.429388222
3376,0,12.48847528
3376,1,0.279751833
3376,4,11.02011656
3376,5,8.663320173
3376,6,4.654220718
3376,7,6.440458733
3376,8,4.414476405
3376,9,2.018424516
3377,0,14.51296445
3377,1,0.226486425
3377,4,11.36602131
3377,5,10.22717379
3377,6,5.567724443
3377,7,6.491923473
3377,8,4.805437813
3377,9,2.280940925
3378,0,14.76865332
3378,1,0.263155899
3378,4,13.42853352
3378,5,10.32267971
3378,6,5.951319381
3378,7,7.579238702
3378,8,5.638952078
3378,9,2.587465878
3379,0,14.29738809
3379,1,0.263380388
3379,4,12.58277346
3379,5,9.803087492
3379,6,5.971502982
3379,7,7.357703631
3379,8,5.01623009
3379,9,2.490186457
3380,0,12.93981869
3380,1,0.220118839
3380,4,10.29424088
3380,5,8.790850918
3380,6,5.184962291
3380,7,5.795307382
3380,8,4.403748
3380,9,2.022244229
3381,0,14.14021578
3381,1,0.200602341
3381,4,12.71933971
3381,5,10.47272311
3381,6,5.497502955
3381,7,6.727688613
3381,8,5.306355076
3381,9,2.646944455
3382,0,13.75291622
3382,1,0.243334343
3382,4,11.50465839
3382,5,9.484055446
3382,6,5.875776398
3382,7,5.632404181
3382,8,4.405128011
3382,9,2.22068626
3383,0,11.29128912
3383,1,0.178824336
3383,4,8.914985152
3383,5,7.70494175
3383,6,4.43817102
3383,7,4.495050636
3383,8,3.638696414
3383,9,1.786872763
3384,0,15.77879363
3384,1,0.193019727
3384,4,13.2969651
3384,5,11.52883156
3384,6,6.181487102
3384,7,6.888808801
3384,8,5.397078907
3384,9,2.775037936
3385,0,14.2663975
3385,1,0.290850918
3385,4,12.28231888
3385,5,9.872857469
3385,6,6.37213377
3385,7,5.93806658
3385,8,4.842347833
3385,9,2.430601051
3386,0,11.49614629
3386,1,0.222759559
3386,4,9.566533172
3386,5,7.66298927
3386,6,4.710405017
3386,7,4.776220342
3386,8,3.81827112
3386,9,1.856468188
3387,0,15.99839774
3387,1,0.200320452
3387,4,13.32438103
3387,5,11.35940182
3387,6,6.502308015
3387,7,7.554266967
3387,8,5.609354137
3387,9,2.681226872
3388,0,14.27159698
3388,1,0.273189038
3388,4,12.67954209
3388,5,10.09916228
3388,6,5.940677002
3388,7,6.31299041
3388,8,5.032371783
3388,9,2.370342292
3389,0,14.30908261
3389,1,0.24146722
3389,4,12.7855485
3389,5,9.795365473
3389,6,5.363190137
3389,7,7.157680454
3389,8,5.457326586
3389,9,2.465887904
3390,0,13.35212661
3390,1,0.218937838
3390,4,11.4525603
3390,5,9.833257247
3390,6,6.213840067
3390,7,6.206193411
3390,8,4.744921251
3390,9,2.167846002
3391,0,14.24109444
3391,1,0.231961498
3391,4,13.11194482
3391,5,10.29346673
3391,6,5.682052448
3391,7,6.538085493
3391,8,5.352129756
3391,9,2.587842959
3392,0,14.05970375
3392,1,0.296814032
3392,4,12.14611509
3392,5,9.740349282
3392,6,5.982043414
3392,7,6.52119559
3392,8,4.810395121
3392,9,2.2388529
3393,0,10.3735505
3393,1,0.223336894
3393,4,9.421536466
3393,5,7.350930729
3393,6,5.321826366
3393,7,4.705370766
3393,8,3.667722002
3393,9,1.654333232
3394,0,16.01434333
3394,1,0.223177599
3394,4,14.62505707
3394,5,12.38970476
3394,6,6.14830315
3394,7,8.45301324
3394,8,5.981814031
3394,9,2.854245929
3395,0,15.02144803
3395,1,0.311960962
3395,4,13.22711454
3395,5,10.63602663
3395,6,6.150287487
3395,7,14.70600696
3395,8,5.321455591
3395,9,2.47333182
3396,0,10.32337008
3396,1,0.213357579
3396,4,9.568360041
3396,5,7.490699701
3396,6,4.717619426
3396,7,12.43883775
3396,8,3.857559571
3396,9,1.673106792
3397,0,16.05282834
3397,1,0.230911563
3397,4,14.03557133
3397,5,12.69926743
3397,6,6.418510687
3397,7,15.16988898
3397,8,5.724076731
3397,9,2.734574428
3398,0,14.91389625
3398,1,0.272283226
3398,4,13.41033699
3398,5,10.99136691
3398,6,6.006020447
3398,7,14.50007573
3398,8,5.359787959
3398,9,2.513782658
3399,0,11.6946687
3399,1,0.199009901
3399,4,10.70232292
3399,5,8.642802742
3399,6,4.68332064
3399,7,11.24405941
3399,8,4.2843869
3399,9,1.962642803
3400,0,8.466956522
3400,1,0.211455577
3400,4,7.076483932
3400,5,5.60510397
3400,6,5.217844991
3400,7,17.2879017
3400,8,2.867069943
3400,9,1.261965974
3401,0,18.82769612
3401,1,0.228026099
3401,4,16.37336883
3401,5,14.85953202
3401,6,5.500712464
3401,7,12.07619619
3401,8,6.493250337
3401,9,3.211301935
3402,0,15.02630275
3402,1,0.195174017
3402,4,13.24789387
3402,5,10.81046773
3402,6,5.40330881
3402,7,10.77600732
3402,8,5.239469371
3402,9,2.459993138
3403,0,11.10398839
3403,1,0.148647616
3403,4,10.11426498
3403,5,8.067160758
3403,6,5.674243582
3403,7,6.84921302
3403,8,4.10742665
3403,9,1.861208741
3404,0,15.63025945
3404,1,0.165449289
3404,4,13.23590504
3404,5,11.04530929
3404,6,5.791409876
3404,7,9.171954653
3404,8,5.207372746
3404,9,2.566765579
3405,0,13.89125438
3405,1,0.169938581
3405,4,12.83635404
3405,5,9.710049361
3405,6,6.025245865
3405,7,7.993707374
3405,8,5.058366932
3405,9,2.350427672
3406,0,10.68413619
3406,1,0.120543553
3406,4,9.567180701
3406,5,7.110619131
3406,6,4.6893656
3406,7,7.088327353
3406,8,3.935376746
3406,9,1.72558974
3407,0,16.33130468
3407,1,0.133016356
3407,4,14.1083682
3407,5,12.06017497
3407,6,6.237124382
3407,7,8.892887029
3407,8,5.704792697
3407,9,2.730353747
3408,0,14.45983653
3408,1,0.163733131
3408,4,13.00954191
3408,5,9.682835963
3408,6,6.195932332
3408,7,8.697928151
3408,8,5.14426915
3408,9,2.402356966
3409,0,11.12215952
3409,1,0.140460576
3409,4,10.01872045
3409,5,7.801014183
3409,6,4.83147781
3409,7,8.509264908
3409,8,4.07034467
3409,9,1.824538661
3410,0,16.44127734
3410,1,0.141605061
3410,4,14.29037421
3410,5,16.90149379
3410,6,6.434494322
3410,7,9.973020349
3410,8,5.725211493
3410,9,2.84616264
3411,0,16.91116415
3411,1,0.197143615
3411,4,14.17464106
3411,5,15.1337652
3411,6,5.991855135
3411,7,9.755843467
3411,8,5.789332121
3411,9,2.83096564
3412,0,15.10415485
3412,1,0.195228914
3412,4,12.9612113
3412,5,13.62821821
3412,6,5.148198556
3412,7,12.34395675
3412,8,5.331480851
3412,9,2.500548183
3413,0,13.76863811
3413,1,0.145403731
3413,4,11.06635698
3413,5,12.0841831
3413,6,6.421519752
3413,7,9.198240048
3413,8,4.669876879
3413,9,2.106390211
3414,0,17.89206982
3414,1,0.189000075
3414,4,14.51444587
3414,5,18.11695884
3414,6,5.745015424
3414,7,9.677714243
3414,8,5.990106087
3414,9,2.915619592
3415,0,15.52286941
3415,1,0.193466958
3415,4,13.43384071
3415,5,14.79515485
3415,6,5.901665285
3415,7,12.34974757
3415,8,5.46070379
3415,9,2.607339311
3416,0,11.19236462
3416,1,0.12223445
3416,4,9.118022086
3416,5,8.789647452
3416,6,5.580699025
3416,7,8.050624265
3416,8,4.131380213
3416,9,1.740768851
3417,0,19.19011803
3417,1,0.173437093
3417,4,15.60784898
3417,5,20.08083554
3417,6,5.835648062
3417,7,11.19667126
3417,8,6.464124809
3417,9,3.163532785
3418,0,15.47613671
3418,1,0.19519723
3418,4,13.26219512
3418,5,16.10806233
3418,6,6.318277627
3418,7,13.34018368
3418,8,5.535042156
3418,9,2.590296597
3419,0,11.14517889
3419,1,0.126518942
3419,4,9.091644408
3419,5,8.976637448
3419,6,5.014371167
3419,7,8.767089274
3419,8,4.097851849
3419,9,1.719160302
3420,0,19.60264347
3420,1,0.139276083
3420,4,16.08720422
3420,5,19.88279084
3420,6,6.356944814
3420,7,9.211363895
3420,8,6.739108967
3420,9,3.239659691
3421,0,15.94426292
3421,1,0.214589666
3421,4,13.21709726
3421,5,14.10003799
3421,6,6.077013678
3421,7,9.136816109
3421,8,5.497264438
3421,9,2.509612462
3422,0,12.41583251
3422,1,0.203255139
3422,4,10.59379537
3422,5,11.65332009
3422,6,4.757813097
3422,7,10.39802858
3422,8,4.541529762
3422,9,2.043745702
3423,0,15.55689944
3423,1,0.172980374
3423,4,12.51901719
3423,5,14.20470105
3423,6,6.236079416
3423,7,9.362848015
3423,8,5.31656017
3423,9,2.511258177
3424,0,16.20049373
3424,1,0.231181162
3424,4,13.76038739
3424,5,15.2331561
3424,6,5.558716293
3424,7,11.61534371
3424,8,5.601709077
3424,9,2.693733384
3425,0,14.08719045
3425,1,0.216201778
3425,4,12.34582363
3425,5,13.41839966
3425,6,5.270271302
3425,7,15.32063952
3425,8,5.127294234
3425,9,2.364902507
3426,0,12.9923132
3426,1,0.141753646
3426,4,11.28320585
3426,5,11.39933683
3426,6,5.926334828
3426,7,9.355439165
3426,8,4.949357549
3426,9,2.204416142
3427,0,15.76601183
3427,1,0.168720198
3427,4,12.56749952
3427,5,14.08064085
3427,6,5.331756628
3427,7,11.47999237
3427,8,5.273011635
3427,9,2.593591455
3428,0,14.52163443
3428,1,0.192645822
3428,4,12.53375124
3428,5,13.09724027
3428,6,5.890146013
3428,7,12.81132941
3428,8,5.132329333
3428,9,2.434982035
3429,0,11.21405348
3429,1,0.108939295
3429,4,9.758290938
3429,5,9.671193054
3429,6,4.761542287
3429,7,9.259801859
3429,8,4.312129442
3429,9,1.895689095
3430,0,16.59817178
3430,1,0.142296705
3430,4,13.69948581
3430,5,15.3331175
3430,6,5.925499905
3430,7,9.447229099
3430,8,5.698000381
3430,9,2.781374976
3431,0,14.51328244
3431,1,0.135305344
3431,4,12.7210687
3431,5,12.56496183
3431,6,6.27110687
3431,7,10.13137405
3431,8,5.199885496
3431,9,2.500229008
3432,0,10.91879279
3432,1,0.127529358
3432,4,9.457139578
3432,5,8.703553532
3432,6,4.642083923
3432,7,8.50610106
3432,8,4.095666144
3432,9,1.795509314
3433,0,17.16464156
3433,1,0.142162819
3433,4,13.96867406
3433,5,15.65473117
3433,6,6.35282503
3433,7,10.62636695
3433,8,5.780642467
3433,9,2.902111179
3434,0,15.10449579
3434,1,0.224980014
3434,4,12.69416422
3434,5,12.63219003
3434,6,5.774487038
3434,7,10.50805132
3434,8,5.22292436
3434,9,2.551220069
3435,0,13.47769129
3435,1,0.153218151
3435,4,11.92071388
3435,5,11.36924245
3435,6,4.869223467
3435,7,6.976077463
3435,8,4.964078223
3435,9,2.312587811
3436,0,13.75082955
3436,1,0.112780808
3436,4,10.99130402
3436,5,11.39585797
3436,6,6.4169114
3436,7,6.436858767
3436,8,4.856516267
3436,9,2.200122049
3437,0,15.76532359
3437,1,0.195791957
3437,4,12.82475364
3437,5,13.74150592
3437,6,5.223566564
3437,7,7.070235513
3437,8,5.343149564
3437,9,2.538523
3438,0,14.07432407
3438,1,0.200892346
3438,4,12.45788049
3438,5,12.48003661
3438,6,5.416275788
3438,7,6.423025588
3438,8,5.153071731
3438,9,2.413225031
3439,0,11.72306635
3439,1,0.12598305
3439,4,9.415629533
3439,5,8.842788425
3439,6,5.50954417
3439,7,5.154501031
3439,8,4.217530732
3439,9,1.872337176
3440,0,17.05844279
3440,1,0.138511327
3440,4,13.69137636
3440,5,14.97182562
3440,6,5.637426233
3440,7,7.0614506
3440,8,5.698419951
3440,9,2.770226537
3441,0,14.79672501
3441,1,0.213514022
3441,4,12.85292678
3441,5,12.07784679
3441,6,6.107321664
3441,7,7.380538302
3441,8,5.26327875
3441,9,2.556408809
3442,0,9.65088735
3442,1,0.125969652
3442,4,9.085215878
3442,5,7.164036781
3442,6,4.778521966
3442,7,5.766413138
3442,8,3.974912022
3442,9,1.632799788
3443,0,17.12979828
3443,1,0.139244317
3443,4,14.15211501
3443,5,15.2168448
3443,6,6.066009333
3443,7,8.152717146
3443,8,6.069998495
3443,9,2.881905765
3444,0,15.89087569
3444,1,0.190995652
3444,4,13.86156095
3444,5,13.2245839
3444,6,5.969448193
3444,7,7.29877043
3444,8,5.688858899
3444,9,2.734068076
3445,0,12.52866725
3445,1,0.218083292
3445,4,10.7344348
3445,5,9.786805108
3445,6,4.546742961
3445,7,5.913714048
3445,8,4.486225321
3445,9,2.070635492
3446,0,15.44010318
3446,1,0.136180866
3446,4,12.64376754
3446,5,12.94127911
3446,6,6.617214172
3446,7,7.290835293
3446,8,5.103899552
3446,9,2.423488354
3447,0,14.38081693
3447,1,0.180794175
3447,4,13.01494292
3447,5,12.68911897
3447,6,5.470322752
3447,7,7.035612698
3447,8,5.107444912
3447,9,2.483331437
3448,0,13.04654774
3448,1,0.1871757
3448,4,12.12161497
3448,5,11.34549104
3448,6,4.925122145
3448,7,6.911638829
3448,8,4.826193993
3448,9,2.380714313
3449,0,13.53990769
3449,1,0.131862359
3449,4,10.42132913
3449,5,9.639198469
3449,6,5.736688056
3449,7,5.999549702
3449,8,4.493752111
3449,9,2.038950805
3450,0,14.83478488
3450,1,0.153403357
3450,4,12.59025156
3450,5,12.73300191
3450,6,5.277725863
3450,7,6.264045154
3450,8,5.124247748
3450,9,2.466751392
3451,0,13.57131483
3451,1,0.1507431
3451,4,12.33428116
3451,5,11.31312557
3451,6,5.508227176
3451,7,5.890089475
3451,8,4.917159539
3451,9,2.462920837
3452,0,11.79223987
3452,1,0.115983887
3452,4,9.134453143
3452,5,7.911529984
3452,6,5.108839401
3452,7,4.510222695
3452,8,3.881241924
3452,9,1.834574751
3453,0,17.0177018
3453,1,0.144615385
3453,4,13.668566
3453,5,14.65116809
3453,6,5.561519468
3453,7,6.893675214
3453,8,5.637606838
3453,9,2.854852802
3454,0,14.00056952
3454,1,0.167780393
3454,4,12.41939403
3454,5,11.26414306
3454,6,6.018983978
3454,7,6.091085124
3454,8,5.035727846
3454,9,2.61306857
3455,0,11.20878954
3455,1,0.149406934
3455,4,8.88857208
3455,5,7.400851582
3455,6,4.691491788
3455,7,5.319495134
3455,8,3.749277676
3455,9,1.802539538
3456,0,16.32784522
3456,1,0.189074355
3456,4,13.33194234
3456,5,13.90011381
3456,6,6.318247344
3456,7,7.61991654
3456,8,5.542261002
3456,9,2.830766313
3457,0,15.10908748
3457,1,0.286538462
3457,4,12.92941176
3457,5,12.11089744
3457,6,5.793778281
3457,7,7.657013575
3457,8,5.243627451
3457,9,2.619607843
3458,0,12.87779377
3458,1,0.211909993
3458,4,10.80475794
3458,5,9.386051974
3458,6,4.528070308
3458,7,6.387870293
3458,8,4.578755966
3458,9,2.24634442
3459,0,14.35631705
3459,1,0.152875175
3459,4,11.37216178
3459,5,9.998407945
3459,6,6.233198135
3459,7,7.285167355
3459,8,4.918274516
3459,9,2.303627611
3460,0,16.61499925
3460,1,0.213025273
3460,4,13.88529984
3460,5,13.54654554
3460,6,5.198519515
3460,7,7.767010618
3460,8,5.644571557
3460,9,2.854007776
3461,0,14.74774808
3461,1,0.256774289
3461,4,12.02909886
3461,5,10.89283464
3461,6,5.156170071
3461,7,7.183860325
3461,8,4.899284576
3461,9,2.356822478
3462,0,14.36240012
3462,1,0.196099993
3462,4,11.69965545
3462,5,10.6359871
3462,6,5.811927278
3462,7,6.787992083
3462,8,5.02807712
3462,9,2.341947071
3463,0,14.64489424
3463,1,0.218344274
3463,4,12.98384391
3463,5,11.25061999
3463,6,5.184792123
3463,7,7.223522976
3463,8,5.537053246
3463,9,2.665098468
3464,0,14.15081943
3464,1,0.238262218
3464,4,12.47645061
3464,5,10.82227226
3464,6,5.444153256
3464,7,7.405839362
3464,8,5.087036764
3464,9,2.396020966
3465,0,10.2036609
3465,1,0.201163137
3465,4,8.303534149
3465,5,6.381859529
3465,6,5.302863108
3465,7,4.41377125
3465,8,3.700268416
3465,9,1.52330003
3466,0,18.99885279
3466,1,0.263489009
3466,4,15.7016135
3466,5,16.00847458
3466,6,5.501850344
3466,7,8.47494634
3466,8,6.771963585
3466,9,3.438087484
3467,0,15.67501438
3467,1,0.275052733
3467,4,13.04993289
3467,5,11.32279962
3467,6,5.877737296
3467,7,6.980172579
3467,8,5.6
3467,9,2.975877277
3468,0,11.24643064
3468,1,0.175662604
3468,4,8.892822596
3468,5,6.905088025
3468,6,4.57875798
3468,7,5.88183401
3468,8,4.18243374
3468,9,1.752137744
3469,0,12.84994953
3469,1,0.183438155
3469,4,11.0814116
3469,5,9.473056914
3469,6,5.973056914
3469,7,6.948482025
3469,8,4.978841525
3469,9,2.111926392
3470,0,20.05241545
3470,1,0.265253942
3470,4,17.80041065
3470,5,17.23484291
3470,6,5.770851896
3470,7,9.695657227
3470,8,7.144152171
3470,9,3.552822221
3471,0,13.56310414
3471,1,0.210503659
3471,4,11.84581067
3471,5,10.48800532
3471,6,4.172465073
3471,7,7.581536415
3471,8,4.854850702
3471,9,2.262239267
3472,0,12.9816011
3472,1,0.172205911
3472,4,10.64122137
3472,5,9.280328831
3472,6,6.056605989
3472,7,6.38351928
3472,8,4.52691329
3472,9,2.102838129
3473,0,16.99226232
3473,1,0.166896499
3473,4,14.85302229
3473,5,13.41948211
3473,6,5.476786946
3473,7,7.965218724
3473,8,6.215965678
3473,9,3.110434383
3474,0,14.43429801
3474,1,0.159640203
3474,4,12.61564333
3474,5,10.46249511
3474,6,5.273132577
3474,7,6.822330856
3474,8,5.218380915
3474,9,2.396871334
3475,0,10.53736655
3475,1,0.139611278
3475,4,8.73939228
3475,5,6.847444371
3475,6,4.907551523
3475,7,5.501779359
3475,8,3.982049978
3475,9,1.623323296
3476,0,17.94542579
3476,1,0.15851589
3476,4,14.96274298
3476,5,14.36682351
3476,6,5.644168467
3476,7,8.407011725
3476,8,6.287835545
3476,9,3.047323357
3477,0,15.07368907
3477,1,0.18988219
3477,4,13.04870255
3477,5,10.91333641
3477,6,6.129090629
3477,7,7.780549781
3477,8,5.374797875
3477,9,2.771001771
3478,0,14.09647603
3478,1,0.169627383
3478,4,11.58261121
3478,5,10.18392548
3478,6,4.00751011
3478,7,6.881715771
3478,8,5.082827845
3478,9,2.369656268
,,
,,
,,
,,
,,
,,
,,
,,
,,
,,
,,
,,
,,
,,
,,
,,
,,
,,
,,
,,
,,
,,
,,
,,
,,
,,
,,
,,
,,
,,
,,
,,
,,
,,
,,
,,
,,
,,
,,
,,
,,
,,
,,
,,
,,
,,
,,
,,
,,
,,
,,
,,
,,
,,
,,
,,
,,
,,
,,
,,
,,
,,
,,
,,
,,
,,
, ed.epoch_duration_seconds) AS avg_tps,
